Profile Name,Start Time,Duration,Attributes,Title,Supplemental Video Type,Device Type,Bookmark,Latest Bookmark,Country
Kgabo,2023-01-08 19:04:16,00:01:47,,Norbit,,Netflix Windows App - Cadmium Windows Mobile,00:01:47,00:01:47,ZA (South Africa)
Kgabo,2023-01-08 18:57:03,00:00:05,Autoplayed: user action: None; ,Season 1 Genre Specific Moment Clip: Wednesday,HOOK,Netflix Windows App - Cadmium Windows Mobile,00:00:05,00:00:05,ZA (South Africa)
Kgabo,2023-01-08 18:48:13,00:00:07,Autoplayed: user action: None; ,Season 2 Genre Specific Moment Clip: Ginny & Georgia,HOOK,Netflix Windows App - Cadmium Windows Mobile,00:00:07,00:00:07,ZA (South Africa)
Kgabo,2023-01-08 18:45:11,00:00:15,Autoplayed: user action: None; ,Season 2 Genre Specific Moment Clip: Ginny & Georgia,HOOK,Netflix Windows App - Cadmium Windows Mobile,00:00:15,Not latest view,ZA (South Africa)
Kids,2023-03-17 05:06:07,00:00:16,,CoComelon: Season 7: It's Cody Time (Episode 1),,DefaultWidevineAndroidPhone,00:00:15,00:00:15,ZA (South Africa)
Kwenadi,2023-04-05 14:47:32,00:45:46,,Dave Chappelle: The Closer,,Android DefaultWidevineL3Phone Android Phone,00:56:56,00:56:56,ZA (South Africa)
Kwenadi,2023-04-05 14:47:17,00:00:05,,Trailer: Dave Chappelle: The Closer,TRAILER,Android DefaultWidevineL3Phone Android Phone,00:00:00,00:00:00,ZA (South Africa)
Kwenadi,2023-04-03 20:01:04,00:01:59,,Breaking Bad: Season 4: Crawl Space (Episode 11),,Android DefaultWidevineL3Phone Android Phone,00:02:02,00:02:02,ZA (South Africa)
Kwenadi,2023-04-03 19:14:31,00:46:32,,Breaking Bad: Season 4: Salud (Episode 10),,Android DefaultWidevineL3Phone Android Phone,00:46:32,00:46:32,ZA (South Africa)
Kwenadi,2023-04-03 18:27:59,00:46:30,,Breaking Bad: Season 4: Bug (Episode 9),,Android DefaultWidevineL3Phone Android Phone,00:46:32,00:46:32,ZA (South Africa)
Kwenadi,2023-04-03 17:52:21,00:33:15,,Breaking Bad: Season 4: Hermanos (Episode 8),,Android DefaultWidevineL3Phone Android Phone,00:46:32,00:46:32,ZA (South Africa)
Kwenadi,2023-04-03 17:15:01,00:36:42,,Breaking Bad: Season 4: Problem Dog (Episode 7),,Android DefaultWidevineL3Phone Android Phone,00:46:32,00:46:32,ZA (South Africa)
Kwenadi,2023-04-03 16:45:45,00:29:11,,Breaking Bad: Season 4: Cornered (Episode 6),,Android DefaultWidevineL3Phone Android Phone,00:46:49,00:46:49,ZA (South Africa)
Kwenadi,2023-04-03 16:21:16,00:16:03,,Breaking Bad: Season 4: Cornered (Episode 6),,Android DefaultWidevineL3Phone Android Phone,00:16:01,Not latest view,ZA (South Africa)
Kwenadi,2023-04-03 15:39:32,00:41:42,,Breaking Bad: Season 4: Shotgun (Episode 5),,Android DefaultWidevineL3Phone Android Phone,00:46:31,00:46:31,ZA (South Africa)
Kwenadi,2023-04-03 14:56:39,00:42:52,,Breaking Bad: Season 4: Bullet Points (Episode 4),,Android DefaultWidevineL3Phone Android Phone,00:44:33,00:44:33,ZA (South Africa)
Kwenadi,2023-04-03 14:55:12,00:01:26,,Breaking Bad: Season 4: Open House (Episode 3),,Android DefaultWidevineL3Phone Android Phone,00:45:32,00:45:32,ZA (South Africa)
Kwenadi,2023-04-03 13:50:18,00:42:29,,Breaking Bad: Season 4: Open House (Episode 3),,Android DefaultWidevineL3Phone Android Phone,00:44:08,Not latest view,ZA (South Africa)
Kwenadi,2023-04-03 13:46:11,00:04:03,,Breaking Bad: Season 4: Thirty-Eight Snub (Episode 2),,Android DefaultWidevineL3Phone Android Phone,00:36:06,00:36:06,ZA (South Africa)
Kwenadi,2023-04-03 13:14:20,00:30:25,,Breaking Bad: Season 4: Thirty-Eight Snub (Episode 2),,Android DefaultWidevineL3Phone Android Phone,00:31:37,Not latest view,ZA (South Africa)
Kwenadi,2023-04-03 12:41:14,00:00:55,,Breaking Bad: Season 4: Thirty-Eight Snub (Episode 2),,Android DefaultWidevineL3Phone Android Phone,00:00:55,Not latest view,ZA (South Africa)
Kwenadi,2023-04-03 11:48:39,00:26:53,,Breaking Bad: Season 4: Box Cutter (Episode 1),,Android DefaultWidevineL3Phone Android Phone,00:40:19,00:40:19,ZA (South Africa)
Kwenadi,2023-04-03 09:58:37,00:05:42,,Breaking Bad: Season 4: Box Cutter (Episode 1),,Netflix Windows App - Cadmium Windows Mobile,00:05:42,Not latest view,ZA (South Africa)
Kwenadi,2023-04-03 09:57:57,00:00:30,,Breaking Bad: Season 5: Gliding Over All (Episode 8),,Netflix Windows App - Cadmium Windows Mobile,00:00:30,00:00:30,ZA (South Africa)
Kwenadi,2023-04-03 09:21:20,00:36:16,,Breaking Bad: Season 5: Say My Name (Episode 7),,Netflix Windows App - Cadmium Windows Mobile,00:46:40,00:46:40,ZA (South Africa)
Kwenadi,2023-04-03 09:20:26,00:00:20,Autoplayed: user action: None; ,xXx: State of the Union_hook_primary_16x9,HOOK,Netflix Windows App - Cadmium Windows Mobile,00:00:20,00:00:20,ZA (South Africa)
Kwenadi,2023-04-02 14:24:43,00:06:34,,Breaking Bad: Season 5: Say My Name (Episode 7),,Android DefaultWidevineL3Phone Android Phone,00:10:27,Not latest view,ZA (South Africa)
Kwenadi,2023-04-02 14:23:15,00:01:26,,Breaking Bad: Season 5: Buyout (Episode 6),,Android DefaultWidevineL3Phone Android Phone,00:45:38,00:45:38,ZA (South Africa)
Kwenadi,2023-04-02 13:29:40,00:08:24,,"You: Season 2: The Good, the Bad, & the Hendy (Episode 4)",,Android DefaultWidevineL3Phone Android Phone,00:11:46,00:11:46,ZA (South Africa)
Kwenadi,2023-04-02 13:26:51,00:02:43,,You: Season 2: What Are Friends For? (Episode 3),,Android DefaultWidevineL3Phone Android Phone,00:23:58,00:23:58,ZA (South Africa)
Kwenadi,2023-04-02 13:04:56,00:21:51,,You: Season 2: Just the Tip (Episode 2),,Android DefaultWidevineL3Phone Android Phone,00:22:15,00:22:15,ZA (South Africa)
Kwenadi,2023-04-02 12:59:19,00:05:35,,You: Season 2: A Fresh Start (Episode 1),,Android DefaultWidevineL3Phone Android Phone,00:48:14,00:48:14,ZA (South Africa)
Kwenadi,2023-04-02 03:24:27,00:00:07,Autoplayed: user action: None; ,Main Character Intro Clip: Kill Boksoon,HOOK,Netflix Windows App - Cadmium Windows Mobile,00:00:07,00:00:07,ZA (South Africa)
Kwenadi,2023-04-02 02:39:12,00:45:03,,Breaking Bad: Season 5: Buyout (Episode 6),,Netflix Windows App - Cadmium Windows Mobile,00:44:01,Not latest view,ZA (South Africa)
Kwenadi,2023-04-02 01:51:34,00:47:31,,Breaking Bad: Season 5: Dead Freight (Episode 5),,Netflix Windows App - Cadmium Windows Mobile,00:47:31,00:47:31,ZA (South Africa)
Kwenadi,2023-04-02 01:04:29,00:46:55,,Breaking Bad: Season 5: Fifty-One (Episode 4),,Netflix Windows App - Cadmium Windows Mobile,00:46:55,00:46:55,ZA (South Africa)
Kwenadi,2023-04-02 00:17:39,00:46:44,,Breaking Bad: Season 5: Hazard Pay (Episode 3),,Netflix Windows App - Cadmium Windows Mobile,00:46:44,00:46:44,ZA (South Africa)
Kwenadi,2023-04-01 23:30:44,00:46:45,,Breaking Bad: Season 5: Madrigal (Episode 2),,Netflix Windows App - Cadmium Windows Mobile,00:46:45,00:46:45,ZA (South Africa)
Kwenadi,2023-04-01 22:48:07,00:42:29,,Breaking Bad: Season 5: Live Free Or Die (Episode 1),,Netflix Windows App - Cadmium Windows Mobile,00:42:29,00:42:29,ZA (South Africa)
Kwenadi,2023-04-01 21:58:03,00:49:58,,Breaking Bad: Season 4: Face Off (Episode 13),,Netflix Windows App - Cadmium Windows Mobile,00:49:58,00:49:58,ZA (South Africa)
Kwenadi,2023-04-01 21:12:27,00:45:28,,Breaking Bad: Season 4: End Times (Episode 12),,Netflix Windows App - Cadmium Windows Mobile,00:45:28,00:45:28,ZA (South Africa)
Kwenadi,2023-04-01 20:25:40,00:46:34,,Breaking Bad: Season 4: Crawl Space (Episode 11),,Netflix Windows App - Cadmium Windows Mobile,00:46:34,Not latest view,ZA (South Africa)
Kwenadi,2023-04-01 19:38:33,00:46:44,,Breaking Bad: Season 4: Salud (Episode 10),,Netflix Windows App - Cadmium Windows Mobile,00:46:44,Not latest view,ZA (South Africa)
Kwenadi,2023-04-01 18:51:40,00:46:44,,Breaking Bad: Season 4: Bug (Episode 9),,Netflix Windows App - Cadmium Windows Mobile,00:46:44,Not latest view,ZA (South Africa)
Kwenadi,2023-04-01 18:04:29,00:46:44,,Breaking Bad: Season 4: Hermanos (Episode 8),,Netflix Windows App - Cadmium Windows Mobile,00:46:44,Not latest view,ZA (South Africa)
Kwenadi,2023-04-01 17:17:35,00:46:43,,Breaking Bad: Season 4: Problem Dog (Episode 7),,Netflix Windows App - Cadmium Windows Mobile,00:46:43,Not latest view,ZA (South Africa)
Kwenadi,2023-04-01 16:30:28,00:47:01,,Breaking Bad: Season 4: Cornered (Episode 6),,Netflix Windows App - Cadmium Windows Mobile,00:47:01,Not latest view,ZA (South Africa)
Kwenadi,2023-04-01 15:43:36,00:46:43,,Breaking Bad: Season 4: Shotgun (Episode 5),,Netflix Windows App - Cadmium Windows Mobile,00:46:43,Not latest view,ZA (South Africa)
Kwenadi,2023-04-01 14:58:45,00:44:45,,Breaking Bad: Season 4: Bullet Points (Episode 4),,Netflix Windows App - Cadmium Windows Mobile,00:44:45,Not latest view,ZA (South Africa)
Kwenadi,2023-04-01 14:14:27,00:44:12,,Breaking Bad: Season 4: Open House (Episode 3),,Netflix Windows App - Cadmium Windows Mobile,00:45:48,Not latest view,ZA (South Africa)
Kwenadi,2023-04-01 13:55:09,00:17:31,,Breaking Bad: Season 4: Thirty-Eight Snub (Episode 2),,Netflix Windows App - Cadmium Windows Mobile,00:45:29,Not latest view,ZA (South Africa)
Kwenadi,2023-04-01 13:53:48,00:00:47,Autoplayed: user action: None; ,Supporting Character Clip: Murder Mystery 2,HOOK,Netflix Windows App - Cadmium Windows Mobile,00:00:00,00:00:00,ZA (South Africa)
Kwenadi,2023-04-01 13:25:44,00:28:24,,Breaking Bad: Season 4: Thirty-Eight Snub (Episode 2),,Android DefaultWidevineL3Phone Android Phone,00:28:24,Not latest view,ZA (South Africa)
Kwenadi,2023-04-01 13:01:59,00:23:40,,Breaking Bad: Season 4: Box Cutter (Episode 1),,Android DefaultWidevineL3Phone Android Phone,00:46:07,Not latest view,ZA (South Africa)
Kwenadi,2023-03-31 09:33:55,00:13:57,,Unsolved Mysteries: Volume 3: Body in the Bay (Episode 7),,Android DefaultWidevineL3Phone Android Phone,00:13:57,00:13:57,ZA (South Africa)
Kwenadi,2023-03-31 09:19:34,00:13:39,,Emergency: NYC: Season 1: You're Not Alone (Episode 1),,Android DefaultWidevineL3Phone Android Phone,00:13:39,00:13:39,ZA (South Africa)
Kwenadi,2023-03-31 09:13:10,00:01:37,,The Craigslist Killer,,Android DefaultWidevineL3Phone Android Phone,01:26:03,01:26:03,ZA (South Africa)
Kwenadi,2023-03-31 07:51:13,01:21:00,,The Craigslist Killer,,Android DefaultWidevineL3Phone Android Phone,01:24:24,Not latest view,ZA (South Africa)
Kwenadi,2023-03-30 18:22:50,00:17:34,,Breaking Bad: Season 4: Box Cutter (Episode 1),,Android DefaultWidevineL3Phone Android Phone,00:17:34,Not latest view,ZA (South Africa)
Kwenadi,2023-03-30 17:36:20,00:46:28,,Breaking Bad: Season 3: Full Measure (Episode 13),,Android DefaultWidevineL3Phone Android Phone,00:46:31,00:46:31,ZA (South Africa)
Kwenadi,2023-03-30 16:49:52,00:46:27,,Breaking Bad: Season 3: Half Measures (Episode 12),,Android DefaultWidevineL3Phone Android Phone,00:46:30,00:46:30,ZA (South Africa)
Kwenadi,2023-03-30 16:06:44,00:43:05,,Breaking Bad: Season 3: Abiquiu (Episode 11),,Android DefaultWidevineL3Phone Android Phone,00:46:31,00:46:31,ZA (South Africa)
Kwenadi,2023-03-30 15:51:50,00:14:53,,Breaking Bad: Season 3: Fly (Episode 10),,Android DefaultWidevineL3Phone Android Phone,00:46:31,00:46:31,ZA (South Africa)
Kwenadi,2023-03-30 15:00:17,00:20:56,,Breaking Bad: Season 3: Fly (Episode 10),,Android DefaultWidevineL3Phone Android Phone,00:31:43,Not latest view,ZA (South Africa)
Kwenadi,2023-03-30 14:48:25,00:11:51,,Breaking Bad: Season 3: Kafkaesque (Episode 9),,Android DefaultWidevineL3Phone Android Phone,00:46:31,00:46:31,ZA (South Africa)
Kwenadi,2023-03-28 10:24:59,00:34:45,Autoplayed: user action: None; ,Breaking Bad: Season 3: Kafkaesque (Episode 9),,Netflix Windows App - Cadmium Windows Mobile,00:34:45,Not latest view,ZA (South Africa)
Kwenadi,2023-03-28 09:44:38,00:40:13,,Breaking Bad: Season 3: I See You (Episode 8),,Netflix Windows App - Cadmium Windows Mobile,00:46:42,00:46:42,ZA (South Africa)
Kwenadi,2023-03-28 08:57:45,00:46:45,,Breaking Bad: Season 3: One Minute (Episode 7),,Netflix Windows App - Cadmium Windows Mobile,00:46:45,00:46:45,ZA (South Africa)
Kwenadi,2023-03-28 07:47:58,01:09:27,,Breaking Bad: Season 3: Sunset (Episode 6),,Netflix Windows App - Cadmium Windows Mobile,00:47:31,00:47:31,ZA (South Africa)
Kwenadi,2023-03-28 07:01:00,00:46:51,,Breaking Bad: Season 3: Mas (Episode 5),,Netflix Windows App - Cadmium Windows Mobile,00:46:51,00:46:51,ZA (South Africa)
Kwenadi,2023-03-28 06:13:19,00:45:14,,Breaking Bad: Season 3: Green Light (Episode 4),,Netflix Windows App - Cadmium Windows Mobile,00:46:46,00:46:46,ZA (South Africa)
Kwenadi,2023-03-27 11:20:25,00:01:33,,Breaking Bad: Season 3: Green Light (Episode 4),,Android DefaultWidevineL3Phone Android Phone,00:01:33,Not latest view,ZA (South Africa)
Kwenadi,2023-03-27 10:33:43,00:46:39,,Breaking Bad: Season 3: I.F.T. (Episode 3),,Android DefaultWidevineL3Phone Android Phone,00:46:39,00:46:39,ZA (South Africa)
Kwenadi,2023-03-27 09:44:33,00:42:30,,Breaking Bad: Season 3: Caballo Sin Nombre (Episode 2),,Android DefaultWidevineL3Phone Android Phone,00:46:31,00:46:31,ZA (South Africa)
Kwenadi,2023-03-27 09:01:49,00:42:39,,Breaking Bad: Season 3: No Más (Episode 1),,Android DefaultWidevineL3Phone Android Phone,00:46:39,00:46:39,ZA (South Africa)
Kwenadi,2023-03-27 08:55:31,00:05:46,,Breaking Bad: Season 2: ABQ (Episode 13),,Android DefaultWidevineL3Phone Android Phone,00:45:20,00:45:20,ZA (South Africa)
Kwenadi,2023-03-27 08:54:28,00:00:58,,Breaking Bad: Season 2: Phoenix (Episode 12),,Android DefaultWidevineL3Phone Android Phone,00:46:34,00:46:34,ZA (South Africa)
Kwenadi,2023-03-27 08:42:31,00:08:56,,Breaking Bad: Season 2: Mandala (Episode 11),,Android DefaultWidevineL3Phone Android Phone,00:45:48,00:45:48,ZA (South Africa)
Kwenadi,2023-03-27 08:41:29,00:00:48,,Breaking Bad: Season 2: Over (Episode 10),,Android DefaultWidevineL3Phone Android Phone,00:43:23,00:43:23,ZA (South Africa)
Kwenadi,2023-03-27 08:39:53,00:01:19,,Breaking Bad: Season 2: 4 Days Out (Episode 9),,Android DefaultWidevineL3Phone Android Phone,00:43:44,00:43:44,ZA (South Africa)
Kwenadi,2023-03-27 08:38:14,00:01:28,,Breaking Bad: Season 2: Better Call Saul (Episode 8),,Android DefaultWidevineL3Phone Android Phone,00:45:02,00:45:02,ZA (South Africa)
Kwenadi,2023-03-27 08:37:13,00:00:59,,Breaking Bad: Season 2: Negro y Azul (Episode 7),,Android DefaultWidevineL3Phone Android Phone,00:47:02,00:47:02,ZA (South Africa)
Kwenadi,2023-03-27 07:55:11,00:36:46,,Breaking Bad: Season 2: Negro y Azul (Episode 7),,Netflix Windows App - Cadmium Windows Mobile,00:37:49,Not latest view,ZA (South Africa)
Kwenadi,2023-03-27 07:50:29,00:04:17,,Breaking Bad: Season 2: Peekaboo (Episode 6),,Netflix Windows App - Cadmium Windows Mobile,00:46:48,00:46:48,ZA (South Africa)
Kwenadi,2023-03-27 07:45:20,00:04:47,,Breaking Bad: Season 3: No Más (Episode 1),,Netflix Windows App - Cadmium Windows Mobile,00:00:21,Not latest view,ZA (South Africa)
Kwenadi,2023-03-26 10:26:59,00:01:58,,Breaking Bad: Season 3: No Más (Episode 1),,Android DefaultWidevineL3Phone Android Phone,00:01:58,Not latest view,ZA (South Africa)
Kwenadi,2023-03-26 09:40:02,00:46:55,,Breaking Bad: Season 2: ABQ (Episode 13),,Android DefaultWidevineL3Phone Android Phone,00:46:55,Not latest view,ZA (South Africa)
Kwenadi,2023-03-26 08:53:16,00:46:45,,Breaking Bad: Season 2: Phoenix (Episode 12),,Android DefaultWidevineL3Phone Android Phone,00:46:45,Not latest view,ZA (South Africa)
Kwenadi,2023-03-26 08:06:33,00:46:42,,Breaking Bad: Season 2: Mandala (Episode 11),,Android DefaultWidevineL3Phone Android Phone,00:46:42,Not latest view,ZA (South Africa)
Kwenadi,2023-03-26 07:39:56,00:26:31,,Breaking Bad: Season 2: Over (Episode 10),,Android DefaultWidevineL3Phone Android Phone,00:46:43,Not latest view,ZA (South Africa)
Kwenadi,2023-03-26 07:25:22,00:14:23,,Breaking Bad: Season 2: 4 Days Out (Episode 9),,Android DefaultWidevineL3Phone Android Phone,00:46:55,Not latest view,ZA (South Africa)
Kwenadi,2023-03-26 07:12:51,00:12:23,,Breaking Bad: Season 2: Better Call Saul (Episode 8),,Android DefaultWidevineL3Phone Android Phone,00:46:42,Not latest view,ZA (South Africa)
Kwenadi,2023-03-26 06:58:56,00:13:03,,Breaking Bad: Season 2: Better Call Saul (Episode 8),,Netflix Windows App - Cadmium Windows Mobile,00:13:03,Not latest view,ZA (South Africa)
Kwenadi,2023-03-26 06:11:59,00:46:50,,Breaking Bad: Season 2: Negro y Azul (Episode 7),,Netflix Windows App - Cadmium Windows Mobile,00:46:50,Not latest view,ZA (South Africa)
Kwenadi,2023-03-26 05:28:12,00:43:43,,Breaking Bad: Season 2: Peekaboo (Episode 6),,Netflix Windows App - Cadmium Windows Mobile,00:46:55,Not latest view,ZA (South Africa)
Kwenadi,2023-03-26 04:49:46,00:03:15,,Breaking Bad: Season 2: Peekaboo (Episode 6),,Netflix Windows App - Cadmium Windows Mobile,00:03:15,Not latest view,ZA (South Africa)
Kwenadi,2023-03-26 04:02:47,00:46:53,,Breaking Bad: Season 2: Breakage (Episode 5),,Netflix Windows App - Cadmium Windows Mobile,00:46:53,00:46:53,ZA (South Africa)
Kwenadi,2023-03-26 03:15:41,00:46:57,,Breaking Bad: Season 2: Down (Episode 4),,Netflix Windows App - Cadmium Windows Mobile,00:46:57,00:46:57,ZA (South Africa)
Kwenadi,2023-03-26 03:07:51,00:07:45,,Breaking Bad: Season 2: Bit by a Dead Bee (Episode 3),,Netflix Windows App - Cadmium Windows Mobile,00:46:31,00:46:31,ZA (South Africa)
Kwenadi,2023-03-26 00:13:43,00:01:11,Autoplayed: user action: None; ,Father Stu_hook_03_16x9,HOOK,Netflix Windows App - Cadmium Windows Mobile,00:00:00,00:00:00,ZA (South Africa)
Kwenadi,2023-03-25 22:33:13,00:38:17,,Breaking Bad: Season 2: Bit by a Dead Bee (Episode 3),,Netflix Windows App - Cadmium Windows Mobile,00:38:47,Not latest view,ZA (South Africa)
Kwenadi,2023-03-25 21:43:40,00:33:53,,Breaking Bad: Season 2: Grilled (Episode 2),,Netflix Windows App - Cadmium Windows Mobile,00:47:25,00:47:25,ZA (South Africa)
Kwenadi,2023-03-25 21:04:18,00:38:52,,Breaking Bad: Season 2: Seven Thirty-Seven (Episode 1),,Netflix Windows App - Cadmium Windows Mobile,00:46:32,00:46:32,ZA (South Africa)
Kwenadi,2023-03-25 20:24:22,00:39:33,,Breaking Bad: Season 1: A No-Rough-Stuff-Type Deal (Episode 7),,Netflix Windows App - Cadmium Windows Mobile,00:47:09,00:47:09,ZA (South Africa)
Kwenadi,2023-03-25 19:14:25,00:46:55,,Breaking Bad: Season 1: Crazy Handful of Nothin' (Episode 6),,Netflix Windows App - Cadmium Windows Mobile,00:47:32,00:47:32,ZA (South Africa)
Kwenadi,2023-03-25 19:13:58,00:00:22,,Breaking Bad: Season 2: ABQ (Episode 13),,Netflix Windows App - Cadmium Windows Mobile,00:00:22,Not latest view,ZA (South Africa)
Kwenadi,2023-03-25 18:26:36,00:46:43,,Breaking Bad: Season 2: Phoenix (Episode 12),,Netflix Windows App - Cadmium Windows Mobile,00:46:43,Not latest view,ZA (South Africa)
Kwenadi,2023-03-25 17:39:34,00:46:53,,Breaking Bad: Season 2: Mandala (Episode 11),,Netflix Windows App - Cadmium Windows Mobile,00:46:53,Not latest view,ZA (South Africa)
Kwenadi,2023-03-25 16:52:30,00:46:56,,Breaking Bad: Season 2: Over (Episode 10),,Netflix Windows App - Cadmium Windows Mobile,00:46:56,Not latest view,ZA (South Africa)
Kwenadi,2023-03-25 16:05:25,00:46:55,,Breaking Bad: Season 2: 4 Days Out (Episode 9),,Netflix Windows App - Cadmium Windows Mobile,00:46:55,Not latest view,ZA (South Africa)
Kwenadi,2023-03-25 15:18:15,00:46:54,,Breaking Bad: Season 2: Better Call Saul (Episode 8),,Netflix Windows App - Cadmium Windows Mobile,00:46:54,Not latest view,ZA (South Africa)
Kwenadi,2023-03-25 14:30:57,00:46:55,,Breaking Bad: Season 2: Negro y Azul (Episode 7),,Netflix Windows App - Cadmium Windows Mobile,00:46:55,Not latest view,ZA (South Africa)
Kwenadi,2023-03-25 13:43:51,00:46:57,,Breaking Bad: Season 2: Peekaboo (Episode 6),,Netflix Windows App - Cadmium Windows Mobile,00:46:57,Not latest view,ZA (South Africa)
Kwenadi,2023-03-25 12:56:52,00:46:52,,Breaking Bad: Season 2: Breakage (Episode 5),,Netflix Windows App - Cadmium Windows Mobile,00:46:52,Not latest view,ZA (South Africa)
Kwenadi,2023-03-25 12:09:48,00:46:58,,Breaking Bad: Season 2: Down (Episode 4),,Netflix Windows App - Cadmium Windows Mobile,00:46:58,Not latest view,ZA (South Africa)
Kwenadi,2023-03-25 11:23:11,00:46:31,,Breaking Bad: Season 2: Bit by a Dead Bee (Episode 3),,Netflix Windows App - Cadmium Windows Mobile,00:46:31,Not latest view,ZA (South Africa)
Kwenadi,2023-03-25 10:35:39,00:47:25,,Breaking Bad: Season 2: Grilled (Episode 2),,Netflix Windows App - Cadmium Windows Mobile,00:47:25,Not latest view,ZA (South Africa)
Kwenadi,2023-03-25 09:48:44,00:46:45,,Breaking Bad: Season 2: Seven Thirty-Seven (Episode 1),,Netflix Windows App - Cadmium Windows Mobile,00:46:45,Not latest view,ZA (South Africa)
Kwenadi,2023-03-25 09:01:27,00:47:11,,Breaking Bad: Season 1: A No-Rough-Stuff-Type Deal (Episode 7),,Netflix Windows App - Cadmium Windows Mobile,00:47:11,Not latest view,ZA (South Africa)
Kwenadi,2023-03-25 08:13:41,00:47:39,,Breaking Bad: Season 1: Crazy Handful of Nothin' (Episode 6),,Netflix Windows App - Cadmium Windows Mobile,00:47:39,Not latest view,ZA (South Africa)
Kwenadi,2023-03-25 07:25:56,00:47:38,,Breaking Bad: Season 1: Gray Matter (Episode 5),,Netflix Windows App - Cadmium Windows Mobile,00:47:38,00:47:38,ZA (South Africa)
Kwenadi,2023-03-25 06:38:19,00:47:33,,Breaking Bad: Season 1: Cancer Man (Episode 4),,Netflix Windows App - Cadmium Windows Mobile,00:47:33,00:47:33,ZA (South Africa)
Kwenadi,2023-03-25 05:56:06,00:42:04,,Breaking Bad: Season 1: And the Bag's in the River (Episode 3),,Netflix Windows App - Cadmium Windows Mobile,00:47:28,00:47:28,ZA (South Africa)
Kwenadi,2023-03-25 05:22:25,00:33:30,,Breaking Bad: Season 1: The Cat's in the Bag (Episode 2),,Netflix Windows App - Cadmium Windows Mobile,00:47:34,00:47:34,ZA (South Africa)
Kwenadi,2023-03-25 05:13:19,00:07:13,,Breaking Bad: Season 1: The Cat's in the Bag (Episode 2),,Android DefaultWidevineL3Phone Android Phone,00:10:45,Not latest view,ZA (South Africa)
Kwenadi,2023-03-25 04:15:06,00:46:02,,Breaking Bad: Season 1: Pilot (Episode 1),,Android DefaultWidevineL3Phone Android Phone,00:57:00,00:57:00,ZA (South Africa)
Kwenadi,2023-03-23 18:11:27,01:42:33,,Just Mercy,,Android DefaultWidevineL3Phone Android Phone,02:12:20,02:12:20,ZA (South Africa)
Kwenadi,2023-03-23 18:07:42,00:00:17,,"Young, Famous & African: Season 1: The Newcomer (Episode 2)",,Android DefaultWidevineL3Phone Android Phone,00:13:09,00:13:09,ZA (South Africa)
Kwenadi,2023-03-23 18:01:56,00:05:08,,"Young, Famous & African: Season 1: Welcome to South Africa (Episode 1)",,Android DefaultWidevineL3Phone Android Phone,00:43:10,00:43:10,ZA (South Africa)
Kwenadi,2023-03-19 14:51:16,01:58:47,,Deliver Us from Evil,,Netflix Windows App - Cadmium Windows Mobile,01:58:45,01:58:45,ZA (South Africa)
Kwenadi,2023-03-19 14:48:23,00:00:04,Autoplayed: user action: None; ,Season 1 Cliffhanger Clip: Dance 100,HOOK,Netflix Windows App - Cadmium Windows Mobile,00:00:04,00:00:04,ZA (South Africa)
Kwenadi,2023-03-19 14:43:59,00:04:04,,The Chalk Line,,Netflix Windows App - Cadmium Windows Mobile,00:04:04,00:04:04,ZA (South Africa)
Kwenadi,2023-03-19 12:52:29,01:50:35,,Lou,,Netflix Windows App - Cadmium Windows Mobile,01:41:02,01:41:02,ZA (South Africa)
Kwenadi,2023-03-19 12:51:33,00:00:32,Autoplayed: user action: None; ,Season 1 Cliffhanger Clip: Dance 100,HOOK,Netflix Windows App - Cadmium Windows Mobile,00:00:32,Not latest view,ZA (South Africa)
Kwenadi,2023-03-19 00:54:38,01:43:24,,The Magician's Elephant,,Netflix Windows App - Cadmium Windows Mobile,01:43:25,01:43:25,ZA (South Africa)
Kwenadi,2023-03-17 22:09:26,01:21:44,,Escape Room: Tournament Of Champions,,Netflix Windows App - Cadmium Windows Mobile,01:21:44,01:21:44,ZA (South Africa)
Kwenadi,2023-03-17 21:38:09,00:31:00,,"The Real Bling Ring: Hollywood Heist: Limited Series: Fame, Fortune and Felony (Episode 2)",,Netflix Windows App - Cadmium Windows Mobile,00:31:00,00:31:00,ZA (South Africa)
Kwenadi,2023-03-17 21:09:02,00:28:57,,The Real Bling Ring: Hollywood Heist: Limited Series: The Fame Game (Episode 1),,Netflix Windows App - Cadmium Windows Mobile,00:46:13,00:46:13,ZA (South Africa)
Kwenadi,2023-03-17 20:47:17,00:00:28,Autoplayed: user action: None; ,Sensory Clip: Money Shot: The Pornhub Story,HOOK,Netflix Windows App - Cadmium Windows Mobile,00:00:00,00:00:00,ZA (South Africa)
Kwenadi,2023-03-17 19:43:20,00:02:28,,The Real Bling Ring: Hollywood Heist: Limited Series: The Fame Game (Episode 1),,Netflix Windows App - Cadmium Windows Mobile,00:17:16,Not latest view,ZA (South Africa)
Kwenadi,2023-03-17 19:35:48,00:06:48,,The Real Bling Ring: Hollywood Heist: Limited Series: The Fame Game (Episode 1),,Android DefaultWidevineL3Phone Android Phone,00:15:39,Not latest view,ZA (South Africa)
Kwenadi,2023-03-15 00:12:19,01:18:53,,Choose or Die,,Netflix Windows App - Cadmium Windows Mobile,01:18:53,Not latest view,ZA (South Africa)
Kwenadi,2023-03-15 00:12:19,01:18:59,,Choose or Die,,Netflix Windows App - Cadmium Windows Mobile,01:18:59,01:18:59,ZA (South Africa)
Kwenadi,2023-03-14 22:36:27,01:34:30,,The Woman in the Window,,Netflix Windows App - Cadmium Windows Mobile,01:34:56,01:34:56,ZA (South Africa)
Kwenadi,2023-03-14 21:50:45,00:43:01,,Fractured,,Netflix Windows App - Cadmium Windows Mobile,01:40:04,01:40:04,ZA (South Africa)
Kwenadi,2023-03-14 20:20:42,00:18:19,,Fractured,,Netflix Windows App - Cadmium Windows Mobile,00:18:19,Not latest view,ZA (South Africa)
Kwenadi,2023-03-14 18:23:51,01:54:12,,The Good Nurse,,Netflix Windows App - Cadmium Windows Mobile,01:58:37,01:58:37,ZA (South Africa)
Kwenadi,2023-03-14 18:22:12,00:00:30,Autoplayed: user action: None; ,Freaky_hook_05_16x9,HOOK,Netflix Windows App - Cadmium Windows Mobile,00:00:00,00:00:00,ZA (South Africa)
Kwenadi,2023-03-12 14:37:38,00:08:31,,Luther: The Fallen Sun,,Android DefaultWidevineL3Phone Android Phone,00:08:31,00:08:31,ZA (South Africa)
Kwenadi,2023-03-12 14:34:42,00:02:31,,#Alive,,Android DefaultWidevineL3Phone Android Phone,00:02:31,00:02:31,ZA (South Africa)
Kwenadi,2023-03-09 20:29:51,00:37:22,,You: Season 2: A Fresh Start (Episode 1),,Netflix Windows App - Cadmium Windows Mobile,00:37:22,Not latest view,ZA (South Africa)
Kwenadi,2023-03-09 19:46:33,00:43:11,,You: Season 1: Bluebeard's Castle (Episode 10),,Netflix Windows App - Cadmium Windows Mobile,00:49:20,00:49:20,ZA (South Africa)
Kwenadi,2023-03-09 19:04:39,00:41:43,,You: Season 1: Candace (Episode 9),,Netflix Windows App - Cadmium Windows Mobile,00:44:47,00:44:47,ZA (South Africa)
Kwenadi,2023-03-09 18:50:31,00:13:54,,"You: Season 1: You Got Me, Babe (Episode 8)",,Netflix Windows App - Cadmium Windows Mobile,00:44:44,00:44:44,ZA (South Africa)
Kwenadi,2023-03-09 18:46:20,00:03:57,,You: Season 1: Everythingship (Episode 7),,Netflix Windows App - Cadmium Windows Mobile,00:41:48,00:41:48,ZA (South Africa)
Kwenadi,2023-03-09 18:37:27,00:08:40,,You: Season 1: Amour Fou (Episode 6),,Netflix Windows App - Cadmium Windows Mobile,00:44:45,00:44:45,ZA (South Africa)
Kwenadi,2023-03-09 18:29:06,00:08:10,,You: Season 1: Living with the Enemy (Episode 5),,Netflix Windows App - Cadmium Windows Mobile,00:45:28,00:45:28,ZA (South Africa)
Kwenadi,2023-03-09 18:27:58,00:00:49,,You: Season 1: The Captain (Episode 4),,Netflix Windows App - Cadmium Windows Mobile,00:42:50,00:42:50,ZA (South Africa)
Kwenadi,2023-03-09 18:04:51,00:22:57,,You: Season 1: Maybe (Episode 3),,Netflix Windows App - Cadmium Windows Mobile,00:43:17,00:43:17,ZA (South Africa)
Kwenadi,2023-03-09 17:59:03,00:05:32,,You: Season 1: The Last Nice Guy in New York (Episode 2),,Netflix Windows App - Cadmium Windows Mobile,00:44:47,00:44:47,ZA (South Africa)
Kwenadi,2023-03-09 17:39:59,00:18:47,,You: Season 1: Pilot (Episode 1),,Netflix Windows App - Cadmium Windows Mobile,00:47:49,00:47:49,ZA (South Africa)
Kwenadi,2023-03-09 17:39:18,00:00:24,Autoplayed: user action: None; ,Season 4 Part 1 Trailer: You,TRAILER,Netflix Windows App - Cadmium Windows Mobile,00:00:24,00:00:24,ZA (South Africa)
Kwenadi,2023-03-05 21:50:19,00:00:25,Autoplayed: user action: None; ,Teaser: Chris Rock: Selective Outrage,TEASER_TRAILER,Netflix Windows App - Cadmium Windows Mobile,00:00:00,00:00:00,ZA (South Africa)
Kwenadi,2023-02-28 18:05:18,00:01:12,,Secrets in the Hot Spring,,Android DefaultWidevineL3Phone Android Phone,00:02:21,00:02:21,ZA (South Africa)
Kwenadi,2023-02-28 17:16:52,00:48:06,,The Mitchells vs. The Machines,,Android DefaultWidevineL3Phone Android Phone,01:41:37,01:41:37,ZA (South Africa)
Kwenadi,2023-02-28 08:48:43,00:59:56,,Synchronic,,Android DefaultWidevineL3Phone Android Phone,01:27:08,01:27:08,ZA (South Africa)
Kwenadi,2023-02-27 22:38:04,00:49:12,,The Willoughbys,,Android DefaultWidevineL3Phone Android Phone,01:32:35,01:32:35,ZA (South Africa)
Kwenadi,2023-02-27 22:10:55,00:26:44,,Diagnosis: Season 1: Second Opinions (Episode 2),,Android DefaultWidevineL3Phone Android Phone,00:45:17,00:45:17,ZA (South Africa)
Kwenadi,2023-02-27 17:27:03,00:19:25,,Sightless,,Android DefaultWidevineL3Phone Android Phone,00:21:04,00:21:04,ZA (South Africa)
Kwenadi,2023-02-27 16:26:51,00:01:16,,Secrets in the Hot Spring,,Android DefaultWidevineL3Phone Android Phone,00:01:16,Not latest view,ZA (South Africa)
Kwenadi,2023-02-27 11:09:51,00:46:36,,Synchronic,,Android DefaultWidevineL3Phone Android Phone,01:37:14,Not latest view,ZA (South Africa)
Kwenadi,2023-02-27 10:16:21,00:46:04,,Synchronic,,Android DefaultWidevineL3Phone Android Phone,00:49:34,Not latest view,ZA (South Africa)
Kwenadi,2023-02-27 06:25:54,01:09:31,,The Guilty,,Android DefaultWidevineL3Phone Android Phone,01:23:33,01:23:33,ZA (South Africa)
Kwenadi,2023-02-26 22:08:46,01:31:06,,The Guilty,,Android DefaultWidevineL3Phone Android Phone,01:31:06,Not latest view,ZA (South Africa)
Kwenadi,2023-02-26 14:47:34,00:40:35,,The Willoughbys,,Android DefaultWidevineL3Phone Android Phone,00:41:56,Not latest view,ZA (South Africa)
Kwenadi,2023-02-26 11:49:56,00:46:52,,Diagnosis: Season 1: Detective Work (Episode 1),,Android DefaultWidevineL3Phone Android Phone,00:47:02,00:47:02,ZA (South Africa)
Kwenadi,2023-02-26 02:40:41,00:15:00,,Re/Member,,Android DefaultWidevineL3Phone Android Phone,01:37:36,01:37:36,ZA (South Africa)
Kwenadi,2023-02-25 14:00:38,00:37:37,,Re/Member,,Android DefaultWidevineL3Phone Android Phone,01:19:48,Not latest view,ZA (South Africa)
Kwenadi,2023-02-23 17:01:03,00:59:44,,Cargo,,Android DefaultWidevineL3Phone Android Phone,01:38:36,01:38:36,ZA (South Africa)
Kwenadi,2023-02-22 16:49:10,00:22:15,,Re/Member,,Android DefaultWidevineL3Phone Android Phone,00:22:05,Not latest view,ZA (South Africa)
Kwenadi,2023-02-21 21:03:23,00:00:03,,End Game,,Android DefaultWidevineL3Phone Android Phone,00:37:12,00:37:12,ZA (South Africa)
Kwenadi,2023-02-21 16:12:39,00:42:25,,End Game,,Android DefaultWidevineL3Phone Android Phone,00:37:13,Not latest view,ZA (South Africa)
Kwenadi,2023-02-21 15:21:05,00:00:23,Autoplayed: user action: None; ,Dead Silence_hook_01_16x9,HOOK,Netflix Windows App - Cadmium Windows Mobile,00:00:23,00:00:23,ZA (South Africa)
Kwenadi,2023-02-21 10:21:33,00:06:34,,Guillermo del Toro’s Pinocchio,,Android DefaultWidevineL3Phone Android Phone,00:38:56,00:38:56,ZA (South Africa)
Kwenadi,2023-02-21 08:01:23,00:13:26,,Corpse Bride,,Android DefaultWidevineL3Phone Android Phone,01:17:02,01:17:02,ZA (South Africa)
Kwenadi,2023-02-20 21:45:31,01:34:24,,Corpse Bride,,Android DefaultWidevineL3Phone Android Phone,01:16:06,Not latest view,ZA (South Africa)
Kwenadi,2023-02-20 20:30:44,01:14:38,,Hypnotic,,Android DefaultWidevineL3Phone Android Phone,01:22:34,01:22:34,ZA (South Africa)
Kwenadi,2023-02-19 18:02:29,00:30:11,,Svaha: The Sixth Finger,,Android DefaultWidevineL3Phone Android Phone,02:03:16,02:03:16,ZA (South Africa)
Kwenadi,2023-02-19 00:09:10,01:55:40,,Svaha: The Sixth Finger,,Android DefaultWidevineL3Phone Android Phone,01:56:48,Not latest view,ZA (South Africa)
Kwenadi,2023-02-18 23:51:47,00:16:50,,The House,,Android DefaultWidevineL3Phone Android Phone,01:31:41,01:31:41,ZA (South Africa)
Kwenadi,2023-02-18 23:50:06,00:00:07,,Kuntilanak (Trailer),TRAILER,Android DefaultWidevineL3Phone Android Phone,00:00:07,00:00:07,ZA (South Africa)
Kwenadi,2023-02-18 17:45:33,00:29:07,,The House,,Android DefaultWidevineL3Phone Android Phone,01:27:37,Not latest view,ZA (South Africa)
Kwenadi,2023-02-18 17:36:54,00:01:07,,Plot Clip: The House,HOOK,Android DefaultWidevineL3Phone Android Phone,00:01:07,00:01:07,ZA (South Africa)
Kwenadi,2023-02-18 10:28:21,00:53:04,,The House,,Android DefaultWidevineL3Phone Android Phone,00:52:42,Not latest view,ZA (South Africa)
Kwenadi,2023-02-17 19:19:05,00:45:11,,The Bridge Curse,,Android DefaultWidevineL3Phone Android Phone,01:14:59,01:14:59,ZA (South Africa)
Kwenadi,2023-02-17 18:04:42,01:14:10,,The Crooked Man,,Android DefaultWidevineL3Phone Android Phone,01:25:01,01:25:01,ZA (South Africa)
Kwenadi,2023-02-17 11:50:10,00:17:58,,Wendell & Wild,,Android DefaultWidevineL3Phone Android Phone,01:12:06,01:12:06,ZA (South Africa)
Kwenadi,2023-02-16 18:33:11,00:04:00,,Eurovision Song Contest: The Story of Fire Saga,,Netflix Windows App - Cadmium Windows Mobile,00:04:00,Not latest view,ZA (South Africa)
Kwenadi,2023-02-16 18:33:11,00:04:30,,Eurovision Song Contest: The Story of Fire Saga,,Netflix Windows App - Cadmium Windows Mobile,00:04:30,00:04:30,ZA (South Africa)
Kwenadi,2023-02-16 18:30:11,00:01:24,Autoplayed: user action: None; ,Season 1 Teaser: My Dad the Bounty Hunter,TEASER_TRAILER,Netflix Windows App - Cadmium Windows Mobile,00:00:00,00:00:00,ZA (South Africa)
Kwenadi,2023-02-15 21:17:10,01:27:49,,The Whole Truth,,Android DefaultWidevineL3Phone Android Phone,02:01:11,02:01:11,ZA (South Africa)
Kwenadi,2023-02-15 20:06:53,01:09:27,,Don’t Listen,,Android DefaultWidevineL3Phone Android Phone,01:33:26,01:33:26,ZA (South Africa)
Kwenadi,2023-02-15 11:16:56,00:00:31,,The Sea Beast,,Netflix Windows App - Cadmium Windows Mobile,00:00:31,00:00:31,ZA (South Africa)
Kwenadi,2023-02-15 11:15:32,00:00:14,,Wendell & Wild,,Netflix Windows App - Cadmium Windows Mobile,00:27:08,Not latest view,ZA (South Africa)
Kwenadi,2023-02-15 11:14:42,00:00:12,Autoplayed: user action: None; ,Season 1 Plot Clip: Red Rose,HOOK,Netflix Windows App - Cadmium Windows Mobile,00:00:12,00:00:12,ZA (South Africa)
Kwenadi,2023-02-15 11:03:05,00:00:08,Autoplayed: user action: None; ,The Crooked Man_hook_03_16x9,HOOK,Netflix Windows App - Cadmium Windows Mobile,00:00:08,00:00:08,ZA (South Africa)
Kwenadi,2023-02-15 09:24:16,00:39:37,,Your Place or Mine,,Netflix Windows App - Cadmium Windows Mobile,01:44:22,01:44:22,ZA (South Africa)
Kwenadi,2023-02-13 21:59:13,00:03:59,,The Whole Truth,,Android DefaultWidevineL3Phone Android Phone,00:03:59,Not latest view,ZA (South Africa)
Kwenadi,2023-02-13 18:55:08,00:00:04,,Eli,,Netflix Windows App - Cadmium Windows Mobile,00:00:04,00:00:04,ZA (South Africa)
Kwenadi,2023-02-13 18:51:32,00:02:28,,Trailer: Your Place or Mine,TRAILER,Netflix Windows App - Cadmium Windows Mobile,00:00:00,00:00:00,ZA (South Africa)
Kwenadi,2023-02-09 20:27:40,00:00:18,Autoplayed: user action: None; ,The Tax Collector_hook_primary_16x9,HOOK,Netflix Windows App - Cadmium Windows Mobile,00:00:18,00:00:18,ZA (South Africa)
Kwenadi,2023-02-09 20:24:50,00:01:05,Autoplayed: user action: None; ,Season 4 Teaser 1: You,TEASER_TRAILER,Netflix Windows App - Cadmium Windows Mobile,00:01:05,00:01:05,ZA (South Africa)
Kwenadi,2023-02-05 15:36:27,00:38:39,,In the Tall Grass,,Android DefaultWidevineL3Phone Android Phone,01:34:18,01:34:18,ZA (South Africa)
Kwenadi,2023-02-05 14:58:07,00:28:41,,In the Tall Grass,,Android DefaultWidevineL3Phone Android Phone,00:39:21,Not latest view,ZA (South Africa)
Kwenadi,2023-02-04 16:20:43,01:24:07,,The Turning,,Android DefaultWidevineL3Phone Android Phone,01:32:48,01:32:48,ZA (South Africa)
Kwenadi,2023-02-04 11:52:29,00:20:31,,You People,,Android DefaultWidevineL3Phone Android Phone,01:07:42,01:07:42,ZA (South Africa)
Kwenadi,2023-02-03 21:25:00,00:00:05,,Cliffhanger Clip 2: Stranger Things 4 Volume 2,HOOK,Android DefaultWidevineL3Phone Android Phone,00:00:05,00:00:05,ZA (South Africa)
Kwenadi,2023-02-03 17:46:02,00:35:35,,The Turning,,Android DefaultWidevineL3Phone Android Phone,00:35:36,Not latest view,ZA (South Africa)
Kwenadi,2023-02-02 21:42:51,00:06:13,,You People,,Android DefaultWidevineL3Phone Android Phone,00:32:01,Not latest view,ZA (South Africa)
Kwenadi,2023-02-01 13:38:52,01:08:40,,You People,,Android DefaultWidevineL3Phone Android Phone,01:55:28,Not latest view,ZA (South Africa)
Kwenadi,2023-02-01 13:33:25,00:00:20,,You People,,Android DefaultWidevineL3Phone Android Phone,00:00:19,Not latest view,ZA (South Africa)
Kwenadi,2023-01-23 20:46:11,00:00:20,,Inciting Incident Clip: The Whole Truth,HOOK,Android DefaultWidevineL3Phone Android Phone,00:00:20,00:00:20,ZA (South Africa)
Kwenadi,2023-01-23 00:54:11,00:06:52,,Things Heard & Seen,,Android DefaultWidevineL3Phone Android Phone,01:54:23,01:54:23,ZA (South Africa)
Kwenadi,2023-01-22 23:42:41,01:10:26,,Things Heard & Seen,,Android DefaultWidevineL3Phone Android Phone,01:54:31,Not latest view,ZA (South Africa)
Kwenadi,2023-01-22 22:42:39,00:03:43,,Things Heard & Seen,,Android DefaultWidevineL3Phone Android Phone,00:40:01,Not latest view,ZA (South Africa)
Kwenadi,2023-01-22 21:17:18,00:05:48,,Things Heard & Seen,,Android DefaultWidevineL3Phone Android Phone,00:05:41,Not latest view,ZA (South Africa)
Kwenadi,2023-01-22 19:37:14,00:00:31,,Things Heard & Seen - Baseline Clip 1,HOOK,Android DefaultWidevineL3Phone Android Phone,00:00:30,00:00:30,ZA (South Africa)
Kwenadi,2023-01-21 20:31:08,00:00:07,,Cinemagraph: SpongeBob: Get Cooking,CINEMAGRAPH,Android DefaultWidevineL3Phone Android Phone,00:00:01,00:00:01,ZA (South Africa)
Kwenadi,2023-01-19 19:48:40,00:28:40,,Stranger Things: Stranger Things 3: Chapter Two: The Mall Rats (Episode 2),,Android DefaultWidevineL3Phone Android Phone,00:46:55,00:46:55,ZA (South Africa)
Kwenadi,2023-01-19 19:41:08,00:07:30,,"Stranger Things: Stranger Things 3: Chapter One: Suzie, Do You Copy? (Episode 1)",,Android DefaultWidevineL3Phone Android Phone,00:47:24,00:47:24,ZA (South Africa)
Kwenadi,2023-01-19 18:40:37,00:04:24,,1899: Season 1: The Ship (Episode 1),,Android DefaultWidevineL3Phone Android Phone,00:04:23,00:04:23,ZA (South Africa)
Kwenadi,2023-01-19 16:26:54,01:29:18,,1922,,Android DefaultWidevineL3Phone Android Phone,01:37:07,01:37:07,ZA (South Africa)
Kwenadi,2023-01-18 16:13:18,00:00:32,,"Stranger Things: Stranger Things 3: Chapter One: Suzie, Do You Copy? (Episode 1)",,Android DefaultWidevineL3Phone Android Phone,00:36:07,Not latest view,ZA (South Africa)
Kwenadi,2023-01-18 13:01:09,00:05:34,,"Stranger Things: Stranger Things 3: Chapter One: Suzie, Do You Copy? (Episode 1)",,Android DefaultWidevineL3Phone Android Phone,00:32:07,Not latest view,ZA (South Africa)
Kwenadi,2023-01-18 11:07:46,00:12:20,,Stranger Things: Stranger Things 2: Chapter Nine: The Gate (Episode 9),,Android DefaultWidevineL3Phone Android Phone,00:59:13,00:59:13,ZA (South Africa)
Kwenadi,2023-01-18 11:01:48,00:05:48,,Stranger Things: Stranger Things 2: Chapter Eight: The Mind Flayer (Episode 8),,Android DefaultWidevineL3Phone Android Phone,00:44:48,00:44:48,ZA (South Africa)
Kwenadi,2023-01-18 10:57:20,00:04:15,,Stranger Things: Stranger Things 2: Chapter Seven: The Lost Sister (Episode 7),,Android DefaultWidevineL3Phone Android Phone,00:42:39,00:42:39,ZA (South Africa)
Kwenadi,2023-01-18 10:52:27,00:04:46,,Stranger Things: Stranger Things 2: Chapter Six: The Spy (Episode 6),,Android DefaultWidevineL3Phone Android Phone,00:48:50,00:48:50,ZA (South Africa)
Kwenadi,2023-01-18 01:09:29,00:04:51,,Norbit,,Android DefaultWidevineL3Phone Android Phone,00:15:10,00:15:10,ZA (South Africa)
Kwenadi,2023-01-17 21:44:57,00:00:10,,Cinemagraph: Hextech Mayhem: A League of Legends Story,CINEMAGRAPH,Android DefaultWidevineL3Phone Android Phone,00:00:00,00:00:00,ZA (South Africa)
Kwenadi,2023-01-17 21:22:36,00:00:05,,Stranger Things: Stranger Things 2: Chapter Nine: The Gate (Episode 9),,Android DefaultWidevineL3Phone Android Phone,00:00:05,Not latest view,ZA (South Africa)
Kwenadi,2023-01-17 20:15:04,00:03:32,,Stranger Things: Stranger Things 2: Chapter Six: The Spy (Episode 6),,Android DefaultWidevineL3Phone Android Phone,00:29:54,Not latest view,ZA (South Africa)
Kwenadi,2023-01-17 14:23:20,00:15:50,,Stranger Things: Stranger Things 2: Chapter Six: The Spy (Episode 6),,Android DefaultWidevineL3Phone Android Phone,00:24:44,Not latest view,ZA (South Africa)
Kwenadi,2023-01-17 13:53:59,00:28:18,,Stranger Things: Stranger Things 2: Chapter Five: Dig Dug (Episode 5),,Android DefaultWidevineL3Phone Android Phone,00:54:54,00:54:54,ZA (South Africa)
Kwenadi,2023-01-17 13:48:25,00:05:15,,Stranger Things: Stranger Things 2: Chapter Four: Will the Wise (Episode 4),,Android DefaultWidevineL3Phone Android Phone,00:43:18,00:43:18,ZA (South Africa)
Kwenadi,2023-01-17 13:08:59,00:29:39,,Stranger Things: Stranger Things 2: Chapter Four: Will the Wise (Episode 4),,Android DefaultWidevineL3Phone Android Phone,00:33:38,Not latest view,ZA (South Africa)
Kwenadi,2023-01-17 12:42:40,00:22:23,,Stranger Things: Stranger Things 2: Chapter Three: The Pollywog (Episode 3),,Android DefaultWidevineL3Phone Android Phone,00:47:58,00:47:58,ZA (South Africa)
Kwenadi,2023-01-17 11:00:15,00:18:27,,Stranger Things: Stranger Things 2: Chapter Three: The Pollywog (Episode 3),,Android DefaultWidevineL3Phone Android Phone,00:24:56,Not latest view,ZA (South Africa)
Kwenadi,2023-01-17 10:36:43,00:22:50,,"Stranger Things: Stranger Things 2: Chapter Two: Trick or Treat, Freak (Episode 2)",,Android DefaultWidevineL3Phone Android Phone,00:52:56,00:52:56,ZA (South Africa)
Kwenadi,2023-01-17 00:38:56,00:06:30,,"Stranger Things: Stranger Things 2: Chapter Two: Trick or Treat, Freak (Episode 2)",,Android DefaultWidevineL3Phone Android Phone,00:06:35,Not latest view,ZA (South Africa)
Kwenadi,2023-01-17 00:02:08,00:36:41,,Stranger Things: Stranger Things 2: Chapter One: MADMAX (Episode 1),,Android DefaultWidevineL3Phone Android Phone,00:45:17,00:45:17,ZA (South Africa)
Kwenadi,2023-01-16 23:42:50,00:19:09,,Stranger Things: Season 1: Chapter Eight: The Upside Down (Episode 8),,Android DefaultWidevineL3Phone Android Phone,00:52:22,00:52:22,ZA (South Africa)
Kwenadi,2023-01-16 17:51:07,00:03:54,,Stranger Things: Season 1: Chapter Eight: The Upside Down (Episode 8),,Android DefaultWidevineL3Phone Android Phone,00:05:58,Not latest view,ZA (South Africa)
Kwenadi,2023-01-16 12:17:35,00:00:38,,Stranger Things: Season 1: Chapter Eight: The Upside Down (Episode 8),,Android DefaultWidevineL3Phone Android Phone,00:02:10,Not latest view,ZA (South Africa)
Kwenadi,2023-01-16 11:35:29,00:22:53,,Stranger Things: Season 1: Chapter Seven: The Bathtub (Episode 7),,Android DefaultWidevineL3Phone Android Phone,00:39:51,00:39:51,ZA (South Africa)
Kwenadi,2023-01-16 11:15:28,00:19:45,,Stranger Things: Season 1: Chapter Six: The Monster (Episode 6),,Android DefaultWidevineL3Phone Android Phone,00:44:29,00:44:29,ZA (South Africa)
Kwenadi,2023-01-16 11:12:59,00:02:23,,Stranger Things: Season 1: Chapter Five: The Flea and the Acrobat (Episode 5),,Android DefaultWidevineL3Phone Android Phone,00:51:36,00:51:36,ZA (South Africa)
Kwenadi,2023-01-15 21:51:58,00:16:57,,Stranger Things: Season 1: Chapter Five: The Flea and the Acrobat (Episode 5),,Android DefaultWidevineL3Phone Android Phone,00:39:06,Not latest view,ZA (South Africa)
Kwenadi,2023-01-15 21:43:16,00:08:32,,Stranger Things: Season 1: Chapter Five: The Flea and the Acrobat (Episode 5),,Android DefaultWidevineL3Phone Android Phone,00:14:24,Not latest view,ZA (South Africa)
Kwenadi,2023-01-15 21:19:01,00:21:52,,Stranger Things: Season 1: Chapter Four: The Body (Episode 4),,Android DefaultWidevineL3Phone Android Phone,00:48:25,00:48:25,ZA (South Africa)
Kwenadi,2023-01-15 20:01:54,00:16:27,,Stranger Things: Season 1: Chapter Four: The Body (Episode 4),,Android DefaultWidevineL3Phone Android Phone,00:26:55,Not latest view,ZA (South Africa)
Kwenadi,2023-01-15 19:53:13,00:08:23,,Stranger Things: Season 1: Chapter Four: The Body (Episode 4),,Android DefaultWidevineL3Phone Android Phone,00:09:16,Not latest view,ZA (South Africa)
Kwenadi,2023-01-15 19:40:55,00:10:32,,"Stranger Things: Season 1: Chapter Three: Holly, Jolly (Episode 3)",,Android DefaultWidevineL3Phone Android Phone,00:49:48,00:49:48,ZA (South Africa)
Kwenadi,2023-01-15 19:04:45,00:34:06,,"Stranger Things: Season 1: Chapter Three: Holly, Jolly (Episode 3)",,Android DefaultWidevineL3Phone Android Phone,00:39:10,Not latest view,ZA (South Africa)
Kwenadi,2023-01-15 18:24:50,00:35:00,,Stranger Things: Season 1: Chapter Two: The Weirdo on Maple Street (Episode 2),,Android DefaultWidevineL3Phone Android Phone,00:53:08,00:53:08,ZA (South Africa)
Kwenadi,2023-01-15 18:07:03,00:15:43,,Stranger Things: Season 1: Chapter Two: The Weirdo on Maple Street (Episode 2),,Android DefaultWidevineL3Phone Android Phone,00:15:29,Not latest view,ZA (South Africa)
Kwenadi,2023-01-15 17:10:13,00:38:09,,Stranger Things: Season 1: Chapter One: The Vanishing of Will Byers (Episode 1),,Android DefaultWidevineL3Phone Android Phone,00:45:29,00:45:29,ZA (South Africa)
Kwenadi,2023-01-15 16:57:23,00:06:32,,Stranger Things: Season 1: Chapter One: The Vanishing of Will Byers (Episode 1),,Android DefaultWidevineL3Phone Android Phone,00:06:30,Not latest view,ZA (South Africa)
Kwenadi,2023-01-15 16:53:59,00:00:39,,The Privilege,,Android DefaultWidevineL3Phone Android Phone,00:00:38,00:00:38,ZA (South Africa)
Kwenadi,2023-01-15 16:23:01,00:00:13,,The Tinder Swindler,,Android DefaultWidevineL3Phone Android Phone,00:06:01,00:06:01,ZA (South Africa)
Kwenadi,2023-01-15 16:14:14,00:00:24,,Marianne: Season 1: Your Dreams (Episode 1),,Android DefaultWidevineL3Phone Android Phone,00:00:28,00:00:28,ZA (South Africa)
Kwenadi,2023-01-15 09:56:13,00:58:06,,The Binding,,Android DefaultWidevineL3Phone Android Phone,01:30:06,01:30:06,ZA (South Africa)
Kwenadi,2023-01-14 21:31:57,00:38:54,,The Binding,,Android DefaultWidevineL3Phone Android Phone,00:39:10,Not latest view,ZA (South Africa)
Kwenadi,2023-01-14 21:20:33,00:10:08,,Jack the Giant Slayer,,Android DefaultWidevineL3Phone Android Phone,00:21:28,00:21:28,ZA (South Africa)
Kwenadi,2023-01-14 19:58:28,00:00:18,,The 8th Night,,Android DefaultWidevineL3Phone Android Phone,00:06:45,00:06:45,ZA (South Africa)
Kwenadi,2023-01-13 20:27:04,00:14:32,,Dave Chappelle: What’s in a Name?,,Android DefaultWidevineL3Phone Android Phone,00:15:06,00:15:06,ZA (South Africa)
Kwenadi,2023-01-13 19:53:55,00:26:55,,Dave Chappelle: Collection: The Age of Spin: Dave Chappelle Live at The Hollywood Palladium (Episode 1),,Android DefaultWidevineL3Phone Android Phone,00:38:08,00:38:08,ZA (South Africa)
Kwenadi,2023-01-13 19:43:09,00:08:35,,Dave Chappelle: Collection: The Age of Spin: Dave Chappelle Live at The Hollywood Palladium (Episode 1),,Android DefaultWidevineL3Phone Android Phone,00:09:11,Not latest view,ZA (South Africa)
Kwenadi,2023-01-13 19:36:24,00:00:17,,Dave Chappelle: Collection: The Age of Spin: Dave Chappelle Live at The Hollywood Palladium (Episode 1),,Android DefaultWidevineL3Phone Android Phone,00:00:00,Not latest view,ZA (South Africa)
Kwenadi,2023-01-11 15:31:46,00:45:02,,The Hatchet Wielding Hitchhiker,,Android DefaultWidevineL3Phone Android Phone,01:10:35,01:10:35,ZA (South Africa)
Kwenadi,2023-01-11 00:41:46,00:25:27,,The Open House,,Android DefaultWidevineL3Phone Android Phone,01:30:36,01:30:36,ZA (South Africa)
Kwenadi,2023-01-10 21:38:22,00:00:03,,Deliver Us from Evil,,Android DefaultWidevineL3Phone Android Phone,00:10:58,Not latest view,ZA (South Africa)
Kwenadi,2023-01-10 21:36:41,00:00:02,,The Binding,,Android DefaultWidevineL3Phone Android Phone,00:00:02,Not latest view,ZA (South Africa)
Kwenadi,2023-01-10 12:59:07,00:06:33,,The Open House,,Android DefaultWidevineL3Phone Android Phone,00:33:04,Not latest view,ZA (South Africa)
Kwenadi,2023-01-09 14:21:31,00:26:08,,The Open House,,Android DefaultWidevineL3Phone Android Phone,00:26:33,Not latest view,ZA (South Africa)
Kwenadi,2023-01-09 13:59:36,00:18:40,,The Pale Blue Eye,,Android DefaultWidevineL3Phone Android Phone,02:01:01,02:01:01,ZA (South Africa)
Kwenadi,2023-01-09 13:41:47,00:01:29,,The Pale Blue Eye,,Android DefaultWidevineL3Phone Android Phone,00:01:20,Not latest view,ZA (South Africa)
Kwenadi,2023-01-09 00:42:04,00:56:08,,The Pale Blue Eye,,Android DefaultWidevineL3Phone Android Phone,02:10:08,Not latest view,ZA (South Africa)
Kwenadi,2023-01-08 15:41:50,00:10:57,,The Pale Blue Eye,,Android DefaultWidevineL3Phone Android Phone,01:14:01,Not latest view,ZA (South Africa)
Kwenadi,2023-01-08 15:11:47,00:02:35,,The Pale Blue Eye,,Android DefaultWidevineL3Phone Android Phone,01:03:09,Not latest view,ZA (South Africa)
Kwenadi,2023-01-08 14:14:56,00:36:54,,The Pale Blue Eye,,Android DefaultWidevineL3Phone Android Phone,01:00:36,Not latest view,ZA (South Africa)
Kwenadi,2023-01-08 13:50:13,00:23:41,,The Pale Blue Eye,,Android DefaultWidevineL3Phone Android Phone,00:23:41,Not latest view,ZA (South Africa)
Kwenadi,2023-01-08 13:34:47,00:15:14,,Mark of the Devil,,Android DefaultWidevineL3Phone Android Phone,00:17:11,00:17:11,ZA (South Africa)
Kwenadi,2023-01-05 19:58:50,00:01:12,,The Maus,,Android DefaultWidevineL3Phone Android Phone,00:22:12,00:22:12,ZA (South Africa)
Kwenadi,2023-01-05 18:21:55,01:24:36,,The Maus,,Android DefaultWidevineL3Phone Android Phone,01:27:04,Not latest view,ZA (South Africa)
Kwenadi,2023-01-05 15:44:24,01:38:20,,Mr. Harrigan's Phone,,Android DefaultWidevineL3Phone Android Phone,01:40:04,01:40:04,ZA (South Africa)
Kwenadi,2023-01-04 18:40:52,01:17:56,,Troll,,Android DefaultWidevineL3Phone Android Phone,01:31:59,01:31:59,ZA (South Africa)
Kwenadi,2023-01-04 17:19:55,00:19:54,,The Seventh Day,,Android DefaultWidevineL3Phone Android Phone,00:20:14,00:20:14,ZA (South Africa)
Kwenadi,2023-01-04 17:12:36,00:06:32,,The 8th Night,,Android DefaultWidevineL3Phone Android Phone,00:06:32,Not latest view,ZA (South Africa)
Kwenadi,2023-01-04 17:05:29,00:04:52,,Deliver Us from Evil,,Android DefaultWidevineL3Phone Android Phone,00:10:56,Not latest view,ZA (South Africa)
Kwenadi,2023-01-04 16:36:18,00:23:07,,Girl on the Third Floor,,Android DefaultWidevineL3Phone Android Phone,01:30:25,01:30:25,ZA (South Africa)
Kwenadi,2023-01-04 14:11:35,01:07:22,,Girl on the Third Floor,,Android DefaultWidevineL3Phone Android Phone,01:07:22,Not latest view,ZA (South Africa)
Kwenadi,2023-01-04 10:07:42,01:39:28,,Doctor Sleep,,Android DefaultWidevineL3Phone Android Phone,02:28:28,02:28:28,ZA (South Africa)
Kwenadi,2023-01-04 01:24:32,01:30:52,,Doctor Sleep,,Android DefaultWidevineL3Phone Android Phone,02:29:15,Not latest view,ZA (South Africa)
Kwenadi,2023-01-03 18:48:00,00:58:00,,Doctor Sleep,,Android DefaultWidevineL3Phone Android Phone,00:58:00,Not latest view,ZA (South Africa)
Kwenadi,2023-01-03 17:29:24,00:25:28,,Guillermo del Toro's Cabinet of Curiosities: Season 1: The Murmuring (Episode 8),,Android DefaultWidevineL3Phone Android Phone,01:02:05,01:02:05,ZA (South Africa)
Kwenadi,2023-01-03 16:02:07,00:00:18,,Guillermo del Toro's Cabinet of Curiosities: Season 1: The Murmuring (Episode 8),,Android DefaultWidevineL3Phone Android Phone,00:36:38,Not latest view,ZA (South Africa)
Kwenadi,2023-01-03 14:24:27,00:10:54,,Guillermo del Toro's Cabinet of Curiosities: Season 1: The Murmuring (Episode 8),,Android DefaultWidevineL3Phone Android Phone,00:36:23,Not latest view,ZA (South Africa)
Kwenadi,2023-01-03 14:16:49,00:07:34,,Guillermo del Toro's Cabinet of Curiosities: Season 1: The Murmuring (Episode 8),,Android DefaultWidevineL3Phone Android Phone,00:25:20,Not latest view,ZA (South Africa)
Kwenadi,2023-01-03 10:19:41,00:17:08,,Guillermo del Toro's Cabinet of Curiosities: Season 1: The Murmuring (Episode 8),,Android DefaultWidevineL3Phone Android Phone,00:17:54,Not latest view,ZA (South Africa)
Kwenadi,2023-01-03 10:05:30,00:13:50,,Guillermo del Toro's Cabinet of Curiosities: Season 1: The Viewing (Episode 7),,Android DefaultWidevineL3Phone Android Phone,00:54:38,00:54:38,ZA (South Africa)
Kwenadi,2023-01-03 02:15:08,00:10:00,,Guillermo del Toro's Cabinet of Curiosities: Season 1: Lot 36 (Episode 1),,Android DefaultWidevineL3Phone Android Phone,00:10:00,00:10:00,ZA (South Africa)
Kwenadi,2023-01-03 01:20:58,00:54:09,,Guillermo del Toro's Cabinet of Curiosities: Season 1: The Viewing (Episode 7),,Android DefaultWidevineL3Phone Android Phone,00:54:50,Not latest view,ZA (South Africa)
Kwenadi,2023-01-03 01:20:41,00:00:07,,Guillermo del Toro's Cabinet of Curiosities: Season 1: Lot 36 (Episode 1),,Android DefaultWidevineL3Phone Android Phone,00:00:07,Not latest view,ZA (South Africa)
Kwenadi,2023-01-03 01:14:44,00:05:53,,Guillermo del Toro's Cabinet of Curiosities: Season 1: Dreams in the Witch House (Episode 6),,Android DefaultWidevineL3Phone Android Phone,01:00:20,01:00:20,ZA (South Africa)
Kwenadi,2023-01-02 22:02:49,00:18:54,,Guillermo del Toro's Cabinet of Curiosities: Season 1: Dreams in the Witch House (Episode 6),,Android DefaultWidevineL3Phone Android Phone,00:18:54,Not latest view,ZA (South Africa)
Kwenadi,2023-01-02 22:02:24,00:00:07,,Guillermo del Toro's Cabinet of Curiosities: Season 1: Lot 36 (Episode 1),,Android DefaultWidevineL3Phone Android Phone,00:00:07,Not latest view,ZA (South Africa)
Kwenadi,2023-01-02 21:10:11,00:52:12,,Guillermo del Toro's Cabinet of Curiosities: Season 1: Pickman's Model (Episode 5),,Android DefaultWidevineL3Phone Android Phone,01:01:01,01:01:01,ZA (South Africa)
Kwenadi,2023-01-02 19:37:49,00:06:48,,Guillermo del Toro's Cabinet of Curiosities: Season 1: Pickman's Model (Episode 5),,Android DefaultWidevineL3Phone Android Phone,00:08:49,Not latest view,ZA (South Africa)
Kwenadi,2023-01-02 19:05:03,00:32:36,,Guillermo del Toro's Cabinet of Curiosities: Season 1: The Outside (Episode 4),,Android DefaultWidevineL3Phone Android Phone,01:02:02,01:02:02,ZA (South Africa)
Kwenadi,2023-01-02 18:58:16,00:06:45,,Guillermo del Toro's Cabinet of Curiosities: Season 1: The Autopsy (Episode 3),,Android DefaultWidevineL3Phone Android Phone,00:56:21,00:56:21,ZA (South Africa)
Kwenadi,2023-01-02 17:41:58,00:08:51,,Guillermo del Toro's Cabinet of Curiosities: Season 1: The Autopsy (Episode 3),,Android DefaultWidevineL3Phone Android Phone,00:47:45,Not latest view,ZA (South Africa)
Kwenadi,2023-01-02 16:30:34,00:10:11,,Guillermo del Toro's Cabinet of Curiosities: Season 1: The Autopsy (Episode 3),,Android DefaultWidevineL3Phone Android Phone,00:38:56,Not latest view,ZA (South Africa)
Kwenadi,2023-01-02 15:48:54,00:32:14,,Guillermo del Toro's Cabinet of Curiosities: Season 1: The Autopsy (Episode 3),,Android DefaultWidevineL3Phone Android Phone,00:28:46,Not latest view,ZA (South Africa)
Kwenadi,2023-01-02 15:16:29,00:29:25,,Guillermo del Toro's Cabinet of Curiosities: Season 1: Graveyard Rats (Episode 2),,Android DefaultWidevineL3Phone Android Phone,00:36:23,00:36:23,ZA (South Africa)
Kwenadi,2023-01-02 14:20:55,00:43:35,,Guillermo del Toro's Cabinet of Curiosities: Season 1: Lot 36 (Episode 1),,Android DefaultWidevineL3Phone Android Phone,00:44:06,Not latest view,ZA (South Africa)
Kwenadi,2023-01-01 18:47:13,00:00:01,,Doctor Sleep,,Android DefaultWidevineL3Phone Android Phone,00:00:01,Not latest view,ZA (South Africa)
Kwenadi,2022-12-30 22:47:57,01:05:59,,Old People,,Android DefaultWidevineL3Phone Android Phone,01:41:30,01:41:30,ZA (South Africa)
Kwenadi,2022-12-30 16:03:45,00:53:51,,Slender Man,,Android DefaultWidevineL3Phone Android Phone,01:26:51,01:26:51,ZA (South Africa)
Kwenadi,2022-12-30 10:58:44,00:34:18,,Old People,,Android DefaultWidevineL3Phone Android Phone,01:35:48,Not latest view,ZA (South Africa)
Kwenadi,2022-12-30 05:31:20,00:03:29,,Old People,,Android DefaultWidevineL3Phone Android Phone,00:13:27,Not latest view,ZA (South Africa)
Kwenadi,2022-12-30 00:41:05,00:00:05,,Slender Man_hook_primary_16x9,HOOK,Android DefaultWidevineL3Phone Android Phone,00:00:05,00:00:05,ZA (South Africa)
Kwenadi,2022-12-27 01:02:16,01:04:39,,The Fog,,Android DefaultWidevineL3Phone Android Phone,01:06:09,01:06:09,ZA (South Africa)
Kwenadi,2022-12-26 23:59:21,00:59:00,,Hellhole,,Android DefaultWidevineL3Phone Android Phone,01:24:34,01:24:34,ZA (South Africa)
Kwenadi,2022-12-23 22:25:41,00:07:45,,Hellhole,,Chrome PC (Cadmium),00:07:45,Not latest view,ZA (South Africa)
Kwenadi,2022-12-23 22:20:48,00:00:58,,Midnight Mass: Limited Series: Book I: Genesis (Episode 1),,Chrome PC (Cadmium),00:00:58,00:00:58,ZA (South Africa)
Kwenadi,2022-12-23 22:16:27,00:01:10,Autoplayed: user action: None; ,Young Adult Clip: Midnight Mass,HOOK,Chrome PC (Cadmium),00:01:10,00:01:10,ZA (South Africa)
Kwenadi,2022-12-23 22:15:27,00:00:05,Autoplayed: user action: None; ,Tom Segura: Disgraceful_hook_06_16x9,HOOK,Chrome PC (Cadmium),00:00:05,00:00:05,ZA (South Africa)
Kwenadi,2022-12-23 22:12:48,00:00:57,Autoplayed: user action: None; ,Comedy Clip 3: Sheng Wang: Sweet and Juicy,HOOK,Chrome PC (Cadmium),00:00:57,00:00:57,ZA (South Africa)
Kwenadi,2022-12-23 22:09:30,00:00:26,Autoplayed: user action: None; ,Plot Clip: Glass Onion: A Knives out Mystery,HOOK,Chrome PC (Cadmium),00:00:26,00:00:26,ZA (South Africa)
Kwenadi,2022-12-22 21:31:59,00:02:17,,Season 1 Trailer: Wednesday,TRAILER,Chrome PC (Cadmium),00:02:17,00:02:17,ZA (South Africa)
Kwenadi,2022-12-22 20:10:04,01:21:53,,The Possession of Hannah Grace,,Chrome PC (Cadmium),01:21:53,01:21:53,ZA (South Africa)
Kwenadi,2022-12-22 20:09:19,00:00:06,Autoplayed: user action: None; ,Season 3 Teaser: Emily in Paris,TEASER_TRAILER,Chrome PC (Cadmium),00:00:06,00:00:06,ZA (South Africa)
Kwenadi,2022-12-22 20:08:21,00:00:37,Autoplayed: user action: None; ,Season 2 Trailer: Alice in Borderland,TRAILER,Chrome PC (Cadmium),00:00:37,00:00:37,ZA (South Africa)
Kwenadi,2022-12-22 20:08:03,00:00:15,Autoplayed: user action: None; ,Season 3 Teaser: Emily in Paris,TEASER_TRAILER,Chrome PC (Cadmium),00:00:15,Not latest view,ZA (South Africa)
Kwenadi,2022-12-22 20:06:25,00:01:31,Autoplayed: user action: None; ,Season 1 Trailer: Guillermo del Toro's Cabinet of Curiosities,TRAILER,Chrome PC (Cadmium),00:01:31,00:01:31,ZA (South Africa)
Kwenadi,2022-12-22 18:59:14,01:07:13,,Trevor Noah: I Wish You Would,,Chrome PC (Cadmium),01:07:13,01:07:13,ZA (South Africa)
Kwenadi,2022-12-22 18:59:00,00:00:06,Autoplayed: user action: None; ,Season 3 Teaser: Emily in Paris,TEASER_TRAILER,Chrome PC (Cadmium),00:00:06,Not latest view,ZA (South Africa)
Kwenadi,2022-12-22 18:58:24,00:00:14,Autoplayed: user action: None; ,You Should Have Left_hook_primary_16x9,HOOK,Chrome PC (Cadmium),00:00:14,00:00:14,ZA (South Africa)
Kwenadi,2022-12-22 18:44:51,00:13:07,,Troll,,Chrome PC (Cadmium),00:13:07,Not latest view,ZA (South Africa)
Kwenadi,2022-12-22 18:43:31,00:00:42,Autoplayed: user action: None; ,You Should Have Left_hook_primary_16x9,HOOK,Chrome PC (Cadmium),00:00:00,Not latest view,ZA (South Africa)
Kwenadi,2022-12-22 18:42:30,00:00:31,Autoplayed: user action: None; ,Season 1 Genre Specific Moment Clip: Wednesday,HOOK,Chrome PC (Cadmium),00:00:31,00:00:31,ZA (South Africa)
Kwenadi,2022-12-22 18:39:07,00:00:22,,"Squid Game: Season 1: Red Light, Green Light (Episode 1)",,Chrome PC (Cadmium),00:00:22,00:00:22,ZA (South Africa)
Kwenadi,2022-12-22 18:38:59,00:00:53,,Guillermo del Toro's Cabinet of Curiosities: Season 1: Lot 36 (Episode 1),,Android DefaultWidevineL3Phone Android Phone,00:00:52,Not latest view,ZA (South Africa)
Kwenadi,2022-12-22 18:31:21,00:01:12,Autoplayed: user action: None; ,Trailer_: Trevor Noah: I Wish You Would,TRAILER,Chrome PC (Cadmium),00:01:12,00:01:12,ZA (South Africa)
Kwenadi,2022-12-22 18:31:00,00:00:46,Autoplayed: user action: None; ,Season 1 Genre Specific Moment Clip: Wednesday,HOOK,Chrome PC (Cadmium),00:00:46,Not latest view,ZA (South Africa)
Kwenadi,2022-12-22 18:30:42,00:00:06,Autoplayed: user action: None; ,Season 1 Genre Specific Moment Clip: Wednesday,HOOK,Chrome PC (Cadmium),00:00:06,Not latest view,ZA (South Africa)
Kwenadi,2022-12-22 18:30:07,00:00:32,Autoplayed: user action: None; ,Season 1 Genre Specific Moment Clip: Wednesday,HOOK,Chrome PC (Cadmium),00:00:32,Not latest view,ZA (South Africa)
Kwenadi,2022-12-22 18:28:05,00:00:05,Autoplayed: user action: None; ,Season 1 Genre Specific Moment Clip: Wednesday,HOOK,Chrome PC (Cadmium),00:00:05,Not latest view,ZA (South Africa)
Kwenadi,2022-06-13 13:14:45,00:44:51,,The Invisible Man,,Netflix Windows App - Cadmium Windows Mobile,01:49:23,01:49:23,ZA (South Africa)
Kwenadi,2022-06-13 11:48:03,01:21:45,,The Unholy,,Netflix Windows App - Cadmium Windows Mobile,01:33:09,01:33:09,ZA (South Africa)
Kwenadi,2022-06-13 11:44:38,00:02:44,,Aftermath,,Netflix Windows App - Cadmium Windows Mobile,01:17:54,01:17:54,ZA (South Africa)
Kwenadi,2022-06-13 11:05:18,00:34:02,,The Privilege,,Netflix Windows App - Cadmium Windows Mobile,01:43:34,Not latest view,ZA (South Africa)
Kwenadi,2022-06-13 11:01:35,00:00:44,,Haunted: Latin America: Season 1: The House of the Damned (Episode 1),,Netflix Windows App - Cadmium Windows Mobile,00:00:44,00:00:44,ZA (South Africa)
Kwenadi,2022-06-13 10:30:07,00:30:18,,Midnight Mass: Limited Series: Book VII: Revelation (Episode 7),,Netflix Windows App - Cadmium Windows Mobile,01:04:43,01:04:43,ZA (South Africa)
Kwenadi,2022-06-13 09:56:08,00:33:25,,Midnight Mass: Limited Series: Book VI: Acts of the Apostles (Episode 6),,Netflix Windows App - Cadmium Windows Mobile,01:03:53,01:03:53,ZA (South Africa)
Kwenadi,2022-06-13 09:47:59,00:07:09,,Midnight Mass: Limited Series: Book V: Gospel (Episode 5),,Netflix Windows App - Cadmium Windows Mobile,00:59:13,00:59:13,ZA (South Africa)
Kwenadi,2022-06-13 08:57:23,00:50:08,,Midnight Mass: Limited Series: Book IV: Lamentations (Episode 4),,Netflix Windows App - Cadmium Windows Mobile,01:10:53,01:10:53,ZA (South Africa)
Kwenadi,2022-06-13 08:26:10,00:30:42,,Midnight Mass: Limited Series: Book III: Proverbs (Episode 3),,Netflix Windows App - Cadmium Windows Mobile,01:05:49,01:05:49,ZA (South Africa)
Kwenadi,2022-06-13 08:09:24,00:12:40,,Midnight Mass: Limited Series: Book III: Proverbs (Episode 3),,Android DefaultWidevineL3Phone Android Phone,00:21:22,Not latest view,ZA (South Africa)
Kwenadi,2022-06-13 07:48:42,00:11:54,,Midnight Mass: Limited Series: Book II: Psalms (Episode 2),,Android DefaultWidevineL3Phone Android Phone,01:00:05,01:00:05,ZA (South Africa)
Kwenadi,2022-06-13 07:14:47,00:24:58,,Midnight Mass: Limited Series: Book I: Genesis (Episode 1),,Android DefaultWidevineL3Phone Android Phone,00:55:55,Not latest view,ZA (South Africa)
Kwenadi,2022-06-13 07:09:00,00:05:24,,Don't Breathe 2,,Android DefaultWidevineL3Phone Android Phone,00:20:43,00:20:43,ZA (South Africa)
Kwenadi,2022-06-12 07:55:45,00:06:15,,The Haunting of Bly Manor: Season 1: The Jolly Corner (Episode 6),,Android DefaultWidevineL3Phone Android Phone,01:03:37,01:03:37,ZA (South Africa)
Kwenadi,2022-06-12 07:55:23,00:00:16,,The Haunting of Bly Manor: Season 1: The Jolly Corner (Episode 6),,Android DefaultWidevineL3Phone Android Phone,00:57:53,Not latest view,ZA (South Africa)
Kwenadi,2022-06-12 07:48:53,00:06:14,,The Haunting of Bly Manor: Season 1: The Altar of the Dead (Episode 5),,Android DefaultWidevineL3Phone Android Phone,00:52:20,00:52:20,ZA (South Africa)
Kwenadi,2022-06-12 07:48:38,00:00:10,,The Haunting of Bly Manor: Season 1: The Way It Came (Episode 4),,Android DefaultWidevineL3Phone Android Phone,00:39:15,00:39:15,ZA (South Africa)
Kwenadi,2022-06-12 07:36:02,00:12:15,,"The Haunting of Bly Manor: Season 1: The Two Faces, Part One (Episode 3)",,Android DefaultWidevineL3Phone Android Phone,00:52:50,00:52:50,ZA (South Africa)
Kwenadi,2022-06-12 07:35:00,00:00:57,,The Haunting of Bly Manor: Season 1: The Pupil (Episode 2),,Android DefaultWidevineL3Phone Android Phone,00:42:00,00:42:00,ZA (South Africa)
Kwenadi,2022-06-12 07:34:14,00:00:40,,The Haunting of Bly Manor: Season 1: The Great Good Place (Episode 1),,Android DefaultWidevineL3Phone Android Phone,00:51:50,00:51:50,ZA (South Africa)
Kwenadi,2022-06-12 07:30:54,00:02:20,,SpongeBob SquarePants: Season 9: Extreme Spots/Squirrel Record (Episode 1),,Android DefaultWidevineL3Phone Android Phone,00:02:12,00:02:12,ZA (South Africa)
Kwenadi,2022-06-12 07:22:53,00:05:46,,Deliver Us from Evil,,Android DefaultWidevineL3Phone Android Phone,00:05:46,Not latest view,ZA (South Africa)
Kwenadi,2022-06-12 07:20:57,00:01:10,,Dave Chappelle: Collection: The Age of Spin: Dave Chappelle Live at The Hollywood Palladium (Episode 1),,Android DefaultWidevineL3Phone Android Phone,00:51:52,Not latest view,ZA (South Africa)
Kwenadi,2022-06-12 07:20:22,00:00:21,,Dave Chappelle: Sticks & Stones,,Android DefaultWidevineL3Phone Android Phone,00:14:17,00:14:17,ZA (South Africa)
Kwenadi,2022-05-30 16:08:51,00:22:36,,Haunted: Season 1: Stolen Gravestone (Episode 6),,Netflix Windows App - Cadmium Windows Mobile,00:22:37,00:22:37,ZA (South Africa)
Kwenadi,2022-05-30 15:49:12,00:19:33,,Haunted: Season 1: Alien Infection (Episode 5),,Netflix Windows App - Cadmium Windows Mobile,00:19:33,00:19:33,ZA (South Africa)
Kwenadi,2022-05-30 15:26:36,00:22:31,,Haunted: Season 1: Children of the Well (Episode 4),,Netflix Windows App - Cadmium Windows Mobile,00:22:31,00:22:31,ZA (South Africa)
Kwenadi,2022-05-30 15:02:39,00:23:49,,Haunted: Season 1: Demon in the Dark (Episode 3),,Netflix Windows App - Cadmium Windows Mobile,00:23:49,00:23:49,ZA (South Africa)
Kwenadi,2022-05-30 14:32:08,00:30:24,,Haunted: Season 1: The Slaughterhouse (Episode 2),,Netflix Windows App - Cadmium Windows Mobile,00:30:24,00:30:24,ZA (South Africa)
Kwenadi,2022-05-30 14:07:51,00:24:10,,Haunted: Season 1: The Woman in White (Episode 1),,Netflix Windows App - Cadmium Windows Mobile,00:24:10,00:24:10,ZA (South Africa)
Kwenadi,2022-05-30 13:37:36,00:29:25,,Dave Chappelle: Collection: The Age of Spin: Dave Chappelle Live at The Hollywood Palladium (Episode 1),,Netflix Windows App - Cadmium Windows Mobile,00:41:03,Not latest view,ZA (South Africa)
Kwenadi,2022-05-30 13:02:30,00:33:53,,Michael Che: Shame the Devil,,Netflix Windows App - Cadmium Windows Mobile,00:34:48,00:34:48,ZA (South Africa)
Kwenadi,2022-05-30 13:01:17,00:00:51,Autoplayed: user action: None; ,Comedy Clip 5: Michael Che: Shame the Devil,HOOK,Netflix Windows App - Cadmium Windows Mobile,00:00:00,00:00:00,ZA (South Africa)
Kwenadi,2022-05-27 20:21:48,01:33:52,,Don’t Listen,,Netflix Windows App - Cadmium Windows Mobile,01:33:40,Not latest view,ZA (South Africa)
Kwenadi,2022-05-27 18:36:09,01:20:48,,No One Gets Out Alive,,Netflix Windows App - Cadmium Windows Mobile,01:20:48,01:20:48,ZA (South Africa)
Kwenadi,2022-05-27 18:26:51,00:00:50,Autoplayed: user action: None; ,Main Character Intro Clip: Stranger Things 4,HOOK,Netflix Windows App - Cadmium Windows Mobile,00:00:00,00:00:00,ZA (South Africa)
Kwenadi,2022-05-22 15:38:51,00:19:26,,Dave Chappelle: Sticks & Stones,,Netflix Windows App - Cadmium Windows Mobile,00:34:50,Not latest view,ZA (South Africa)
Kwenadi,2022-05-22 15:36:39,00:01:16,,Kevin Hart: I'm a Grown Little Man,,Netflix Windows App - Cadmium Windows Mobile,00:02:51,00:02:51,ZA (South Africa)
Kwenadi,2022-05-22 15:34:53,00:00:58,,Trevor Noah: Son of Patricia,,Netflix Windows App - Cadmium Windows Mobile,00:03:22,00:03:22,ZA (South Africa)
Kwenadi,2022-05-22 15:31:43,00:00:38,Autoplayed: user action: None; ,Season 4 Clip: My Next Guest Needs No Introduction With David Letterman,TRAILER,Netflix Windows App - Cadmium Windows Mobile,00:00:00,00:00:00,ZA (South Africa)
Kwenadi,2022-05-21 15:37:51,00:16:17,,Tuca & Bertie: Season 1: The Sex Bugs (Episode 4),,Netflix Windows App - Cadmium Windows Mobile,00:16:17,00:16:17,ZA (South Africa)
Kwenadi,2022-05-21 15:13:09,00:24:37,,Tuca & Bertie: Season 1: The Deli Guy (Episode 3),,Netflix Windows App - Cadmium Windows Mobile,00:24:37,00:24:37,ZA (South Africa)
Kwenadi,2022-05-21 14:48:28,00:24:36,,Tuca & Bertie: Season 1: The Promotion (Episode 2),,Netflix Windows App - Cadmium Windows Mobile,00:24:36,00:24:36,ZA (South Africa)
Kwenadi,2022-05-21 14:24:02,00:24:21,,Tuca & Bertie: Season 1: The Sugar Bowl (Episode 1),,Netflix Windows App - Cadmium Windows Mobile,00:24:21,00:24:21,ZA (South Africa)
Kwenadi,2022-05-21 14:22:08,00:00:20,Autoplayed: user action: None; ,Comedy Clip 3: Katt Williams: World War III,HOOK,Netflix Windows App - Cadmium Windows Mobile,00:00:20,00:00:20,ZA (South Africa)
Kwenadi,2022-05-15 11:58:20,01:53:30,,Senior Year,,Netflix Windows App - Cadmium Windows Mobile,01:53:31,01:53:31,ZA (South Africa)
Kwenadi,2022-05-15 11:21:35,00:36:17,,Chappelle's Home Team - Earthquake: Legendary,,Netflix Windows App - Cadmium Windows Mobile,00:36:25,00:36:25,ZA (South Africa)
Kwenadi,2022-05-15 11:14:28,00:06:50,,Loyiso Gola: Unlearning,,Netflix Windows App - Cadmium Windows Mobile,00:08:12,00:08:12,ZA (South Africa)
Kwenadi,2022-05-15 10:09:40,00:00:47,Autoplayed: user action: None; ,Trailer: Chappelle's Home Team - Earthquake: Legendary,TRAILER,Netflix Windows App - Cadmium Windows Mobile,00:00:00,00:00:00,ZA (South Africa)
Kwenadi,2022-05-12 18:55:47,00:00:11,Autoplayed: user action: None; ,Trailer: Our Father,TRAILER,Netflix Windows App - Cadmium Windows Mobile,00:00:11,00:00:11,ZA (South Africa)
Kwenadi,2022-05-12 17:21:41,01:34:01,,Our Father,,Netflix Windows App - Cadmium Windows Mobile,01:34:17,01:34:17,ZA (South Africa)
Kwenadi,2022-05-12 17:21:20,00:00:15,Autoplayed: user action: None; ,Trailer: Our Father,TRAILER,Netflix Windows App - Cadmium Windows Mobile,00:00:15,Not latest view,ZA (South Africa)
Kwenadi,2022-05-11 21:34:58,00:09:08,,Dave Chappelle: The Kennedy Center Mark Twain Prize for American Humor,,Netflix Windows App - Cadmium Windows Mobile,01:25:05,01:25:05,ZA (South Africa)
Kwenadi,2022-05-11 20:11:17,01:21:43,,Def Comedy Jam 25,,Netflix Windows App - Cadmium Windows Mobile,01:21:44,01:21:44,ZA (South Africa)
Kwenadi,2022-05-11 19:17:59,00:49:00,,Dave Chappelle: Equanimity & The Bird Revelation: Collection: Dave Chappelle: The Bird Revelation (Episode 2),,Netflix Windows App - Cadmium Windows Mobile,00:49:00,00:49:00,ZA (South Africa)
Kwenadi,2022-05-11 18:10:33,01:04:38,,Dave Chappelle: Sticks & Stones,,Netflix Windows App - Cadmium Windows Mobile,01:04:38,Not latest view,ZA (South Africa)
Kwenadi,2022-05-11 17:03:26,01:02:08,,Dave Chappelle: Equanimity & The Bird Revelation: Collection: Dave Chappelle: Equanimity (Episode 1),,Netflix Windows App - Cadmium Windows Mobile,01:02:10,01:02:10,ZA (South Africa)
Kwenadi,2022-05-10 22:28:47,00:00:47,,Historical Roasts: Season 1: Abraham Lincoln (Episode 1),,Android DefaultWidevineL3Phone Android Phone,00:12:01,00:12:01,ZA (South Africa)
Kwenadi,2022-05-10 22:27:03,00:00:08,,Family Feud (South Africa): Season 2: Episode 14,,Android DefaultWidevineL3Phone Android Phone,00:01:58,00:01:58,ZA (South Africa)
Kwenadi,2022-05-10 22:25:54,00:00:03,,Comedy Central Roast of Somizi,,Android DefaultWidevineL3Phone Android Phone,00:07:30,00:07:30,ZA (South Africa)
Kwenadi,2022-05-10 22:00:53,00:24:29,,Kevin Hart: What Now?,,Android DefaultWidevineL3Phone Android Phone,01:10:07,01:10:07,ZA (South Africa)
Kwenadi,2022-05-10 21:56:12,00:02:56,,Only Jokes Allowed: Season 1: Only Jokes Allowed : Mpho Popps (Episode 6),,Android DefaultWidevineL3Phone Android Phone,00:07:08,00:07:08,ZA (South Africa)
Kwenadi,2022-05-10 21:56:05,00:00:02,,Only Jokes Allowed: Season 1: Only Jokes Allowed : Celeste Ntuli (Episode 3),,Android DefaultWidevineL3Phone Android Phone,00:00:02,00:00:02,ZA (South Africa)
Kwenadi,2022-05-10 21:55:44,00:00:07,,Only Jokes Allowed: Season 1: Only Jokes Allowed : Schalk Bezuidenhout (Episode 1),,Android DefaultWidevineL3Phone Android Phone,00:00:07,00:00:07,ZA (South Africa)
Kwenadi,2022-05-10 21:51:25,00:03:36,,Dave Chappelle: The Kennedy Center Mark Twain Prize for American Humor,,Android DefaultWidevineL3Phone Android Phone,01:15:58,Not latest view,ZA (South Africa)
Kwenadi,2022-05-07 23:06:30,00:54:36,,Dave Chappelle: Equanimity & The Bird Revelation: Collection: Dave Chappelle: Equanimity (Episode 1),,Netflix Windows App - Cadmium Windows Mobile,00:55:50,Not latest view,ZA (South Africa)
Kwenadi,2022-05-07 22:52:15,00:13:08,,Only Jokes Allowed: Season 1: Only Jokes Allowed : Mpho Popps (Episode 6),,Netflix Windows App - Cadmium Windows Mobile,00:17:27,Not latest view,ZA (South Africa)
Kwenadi,2022-05-07 22:51:56,00:00:12,,Only Jokes Allowed: Season 1: Only Jokes Allowed : Robby Collins (Episode 5),,Netflix Windows App - Cadmium Windows Mobile,00:15:05,00:15:05,ZA (South Africa)
Kwenadi,2022-05-07 22:51:48,00:00:03,,Only Jokes Allowed: Season 1: Only Jokes Allowed : Nina Hastie (Episode 4),,Netflix Windows App - Cadmium Windows Mobile,00:16:13,00:16:13,ZA (South Africa)
Kwenadi,2022-05-07 22:46:10,00:05:32,,Only Jokes Allowed: Season 1: Only Jokes Allowed : Celeste Ntuli (Episode 3),,Netflix Windows App - Cadmium Windows Mobile,00:15:43,Not latest view,ZA (South Africa)
Kwenadi,2022-05-07 22:43:39,00:02:24,,Only Jokes Allowed: Season 1: Only Jokes Allowed : Gilli Apter (Episode 2),,Netflix Windows App - Cadmium Windows Mobile,00:15:59,00:15:59,ZA (South Africa)
Kwenadi,2022-05-07 22:41:17,00:02:14,,Only Jokes Allowed: Season 1: Only Jokes Allowed : Schalk Bezuidenhout (Episode 1),,Netflix Windows App - Cadmium Windows Mobile,00:16:10,Not latest view,ZA (South Africa)
Kwenadi,2022-05-07 22:33:32,00:01:21,Autoplayed: user action: None; ,Teaser: The Takedown,TEASER_TRAILER,Netflix Windows App - Cadmium Windows Mobile,00:00:00,00:00:00,ZA (South Africa)
Kwenadi,2022-05-07 20:22:46,01:25:42,,The Babysitter,,Netflix Windows App - Cadmium Windows Mobile,01:25:43,01:25:43,ZA (South Africa)
Kwenadi,2022-05-07 19:11:16,01:04:57,,Dave Chappelle: Collection: Deep in the Heart of Texas: Dave Chappelle Live at Austin City Limits (Episode 2),,Netflix Windows App - Cadmium Windows Mobile,01:04:57,01:04:57,ZA (South Africa)
Kwenadi,2022-05-07 18:05:10,01:03:54,,Dave Chappelle: Collection: The Age of Spin: Dave Chappelle Live at The Hollywood Palladium (Episode 1),,Netflix Windows App - Cadmium Windows Mobile,01:05:24,Not latest view,ZA (South Africa)
Kwenadi,2022-05-07 16:55:26,01:08:43,,Dave Chappelle: The Closer,,Netflix Windows App - Cadmium Windows Mobile,01:10:08,Not latest view,ZA (South Africa)
Kwenadi,2022-05-07 16:52:38,00:00:11,Autoplayed: user action: None; ,Teaser: The Takedown,TEASER_TRAILER,Netflix Windows App - Cadmium Windows Mobile,00:00:11,Not latest view,ZA (South Africa)
Mma ,2023-01-18 21:58:13,00:27:41,,Kings of Jo'Burg: Season 1: Vader (Father) (Episode 1),,DefaultWidevineAndroidPhone,00:27:56,00:27:56,ZA (South Africa)
Mma ,2023-01-18 21:53:19,00:01:16,,Fences,,DefaultWidevineAndroidPhone,00:01:16,00:01:16,ZA (South Africa)
